﻿Designator,Footprint,Quantity,Value,LCSC Part #
A1,Boron,1,Particle_Boron,
BZ1,MagneticBuzzer_ProSignal_ABI-009-RC,1,Buzzer,
C1,1210,1,10u,
"C10, C11",1210,2,0.1u,
"C12, C13",0805,2,1u,
C2,1210,1,22u,
"C6, C7, C8, C9",0805,4,4.7u,
D1,SOT-23_Handsoldering,1,PMEG2005,
"J1, J2",CONN_1861975,2,1861975,
J3,CONN_1861946,1,1861946,
J4,JST_SH_SM04B-SRSS-TB_1x04-1MP_P1.00mm_Horizontal,1,SM04B-SRSS-TB,
JP1,SolderJumper-3_P2.0mm_Open_TrianglePad1.0x1.5mm,1,SolderJumper_3_Open,
Q1,SOT-23_Handsoldering,1,Q_NPN_BCE,
R1,0805,1,1k,
"R10, R12, R13, R15, R16, R18, R7, R9",0805,8,2.2k,
"R11, R14, R17, R8",0805,4,4.7k,
"R19, R20, R22, R23, R25, R27, R28, R29, R30, R31",0805,10,10k,
"R21, R26",2512,2,0.1,
R24,1210,1,0,
U1,CONV_V7805-1000,1,V7805-1000,
"U2, U3",SOIC-8_3.9x4.9mm_P1.27mm,2,INA219AxD,
U4,SOIC-16_4.55x10.3mm_P1.27mm,1,TLP291-4,
U5,SOT-23-5,1,TPS7A2033PDBVR,
